Customer_ID,Signup_Date,Country,Acquisition_Channel,Plan
C0001,2024-04-12,Canada,Referral,Basic
C0002,2025-03-11,Thailand,Social Media,Basic
C0003,2024-09-27,Canada,Referral,Basic
C0004,2024-04-16,India,Social Media,Basic
C0005,2024-03-12,Germany,Email,Standard
C0006,2024-01-21,USA,Google Ads,Standard
C0007,2024-05-01,UK,Google Ads,Standard
C0008,2025-04-11,UK,Organic,Standard
C0009,2024-08-02,India,Google Ads,Premium
C0010,2024-11-26,Thailand,Social Media,Basic
C0011,2025-04-03,Thailand,Organic,Basic
C0012,2024-03-28,USA,Social Media,Basic
C0013,2025-01-07,India,Google Ads,Standard
C0014,2024-04-09,Thailand,Referral,Premium
C0015,2024-05-10,India,Organic,Basic
C0016,2024-11-04,Canada,Email,Premium
C0017,2024-12-09,Thailand,Google Ads,Premium
C0018,2025-05-06,India,Email,Basic
C0019,2025-02-17,USA,Social Media,Basic
C0020,2025-01-20,Germany,Social Media,Basic
C0021,2024-07-10,Thailand,Organic,Premium
C0022,2024-10-03,India,Google Ads,Basic
C0023,2024-06-09,Australia,Google Ads,Standard
C0024,2025-04-04,Canada,Email,Basic
C0025,2024-11-09,,Referral,Standard
C0026,2024-01-22,UK,Social Media,Standard
C0027,2024-09-09,India,Social Media,Standard
C0028,2025-04-19,Germany,Social Media,Premium
C0029,2024-02-28,UK,Google Ads,Premium
C0030,2025-05-25,Thailand,Referral,Premium
C0031,2025-04-20,Canada,Social Media,Basic
C0032,2024-07-08,India,Social Media,Standard
C0033,2024-08-31,India,Social Media,Basic
C0034,2025-05-19,Thailand,Email,Basic
C0035,2024-05-10,India,Social Media,Standard
C0036,2025-04-29,USA,Organic,Basic
C0037,2024-01-21,India,Email,Standard
C0038,2024-06-15,Thailand,Email,Premium
C0039,2024-09-30,India,Referral,Basic
C0040,2025-01-22,Canada,email,Standard
C0041,2024-11-11,Thailand,Social Media,Basic
C0042,2024-01-14,Canada,Social Media,Basic
C0043,2024-08-29,USA,Google Ads,Basic
C0044,2024-12-11,Germany,Referral,Premium
C0045,2024-12-05,Australia,Google Ads,Premium
C0046,2024-04-01,UK,Email,Premium
C0047,2025-01-01,India,Organic,Premium
C0048,2025-03-30,Germany,Social Media,Basic
C0049,2025-03-03,USA,Social Media,Basic
C0050,2025-05-23,USA,Email,Standard
C0051,2024-02-04,India,Organic,Standard
C0052,2024-07-24,Australia,Social Media,Basic
C0053,2024-03-21,Australia,Organic,Basic
C0054,2025-01-22,Australia,Social Media,Standard
C0055,2024-01-02,USA,Referral,Standard
C0056,2025-01-24,Australia,Email,Basic
C0057,2024-04-15,Thailand,Organic,Standard
C0058,2025-04-21,UK,Social Media,Standard
C0059,2025-02-05,Thailand,Social Media,Standard
C0060,2024-06-10,USA,Google Ads,Basic
C0061,2024-07-20,USA,Referral,Standard
C0062,2024-09-26,USA,Organic,Basic
C0063,2024-09-27,India,Google Ads,Basic
C0064,2025-03-31,USA,Social Media,Standard
C0065,2025-04-06,USA,Social Media,Standard
C0066,2024-09-08,Thailand,Organic,Basic
C0067,2024-10-22,USA,Social Media,Standard
C0068,2024-12-03,Thailand,Google Ads,Standard
C0069,2024-02-22,Thailand,Email,Standard
C0070,2024-08-04,India,Organic,Standard
C0071,2024-07-06,India,Social Media,Standard
C0072,2025-01-14,India,Organic,Standard
C0073,2025-05-07,USA,Email,Basic
C0074,2024-02-10,USA,Email,Basic
C0075,2024-06-05,Germany,Referral,Basic
C0076,2024-01-15,UK,Social Media,Standard
C0077,2024-03-05,USA,Social Media,Standard
C0078,2025-06-04,Thailand,Email,Basic
C0079,2024-12-09,USA,Google Ads,Basic
C0080,2024-05-08,USA,Google Ads,Standard
C0081,2025-04-16,USA,Social Media,Basic
C0082,2024-03-03,UK,Referral,Standard
C0083,2024-05-18,UK,Organic,Basic
C0084,2025-05-13,India,Social Media,Standard
C0085,2025-01-26,Australia,Organic,Premium
C0086,2025-02-22,Australia,Google Ads,Basic
C0087,2024-10-15,India,Email,Standard
C0088,2025-01-13,Canada,Email,Basic
C0089,2025-05-04,Thailand,Email,Standard
C0090,2024-08-18,Thailand,Google Ads,Standard
C0091,2024-02-10,Thailand,Email,Basic
C0092,2024-01-28,India,Social Media,Standard
C0093,2024-05-14,Germany,Email,Premium
C0094,2024-07-19,Thailand,Organic,Basic
C0095,2024-02-02,Canada,Social Media,Basic
C0096,2024-02-17,Thailand,Email,Premium
C0097,2025-05-17,Canada,Email,Standard
C0098,2025-02-10,USA,Social Media,Premium
C0099,2024-04-08,Thailand,Email,Standard
C0100,2025-06-30,UK,Organic,Premium
C0101,2025-04-06,Thailand,Email,Standard
C0102,2024-01-05,Thailand,Referral,Standard
C0103,2024-08-05,USA,Google Ads,Premium
C0104,2025-05-17,Australia,Social Media,Standard
C0105,2025-02-01,UK,Google Ads,Basic
C0106,2025-01-27,USA,Organic,Basic
C0107,2024-07-25,India,Email,Basic
C0108,2024-01-15,India,Social Media,Basic
C0109,2025-04-05,Thailand,Organic,Basic
C0110,2024-08-28,USA,Email,Standard
C0111,2024-04-05,Thailand,Email,Standard
C0112,2025-04-29,Thailand,Email,Standard
C0113,2025-02-10,India,Referral,Standard
C0114,2024-08-18,Thailand,Organic,Basic
C0115,2024-06-19,UK,Google Ads,Basic
C0116,2025-06-24,India,Organic,Basic
C0117,2024-02-05,Thailand,Referral,Standard
C0118,2025-06-08,UK,Organic,Basic
C0119,2024-06-08,Thailand,Email,Basic
C0120,2024-08-30,Canada,Social Media,Basic
C0121,2024-03-26,UK,Social Media,Premium
C0122,2024-01-28,Australia,Email,Basic
C0123,2024-12-05,UK,Email,Standard
C0124,2024-11-26,Thailand,Email,Standard
C0125,2025-05-20,India,Email,Standard
C0126,2024-12-13,Canada,Organic,Premium
C0127,2025-04-17,India,Google Ads,Basic
C0128,2024-08-18,Australia,Email,Basic
C0129,2024-07-08,Germany,Email,Premium
C0130,2024-08-12,Thailand,Google Ads,Standard
C0131,2025-01-19,Thailand,Referral,Standard
C0132,2025-01-11,India,Google Ads,Standard
C0133,2024-10-09,USA,Organic,Standard
C0134,2024-09-15,Australia,Organic,Premium
C0135,2024-12-24,Germany,Referral,Premium
C0136,2025-03-31,USA,Email,Standard
C0137,2025-02-14,Thailand,Organic,Basic
C0138,2024-11-13,Australia,Google Ads,Premium
C0139,2024-08-12,Thailand,Google Ads,Basic
C0140,2024-08-21,Australia,Google Ads,Basic
C0141,2025-01-08,USA,Email,Premium
C0142,2025-04-16,India,Organic,Basic
C0143,2024-08-20,Thailand,Referral,Basic
C0144,2024-04-22,India,Email,Basic
C0145,2025-05-11,USA,Social Media,Premium
C0146,2025-03-17,UK,Social Media,Standard
C0147,2024-09-24,Thailand,Google Ads,Standard
C0148,2025-05-24,India,Email,Basic
C0149,2025-01-20,Germany,Email,Standard
C0150,2025-01-21,Thailand,Google Ads,Standard
C0151,2024-04-22,Thailand,Social Media,Basic
C0152,2024-03-21,Thailand,Referral,Basic
C0153,2024-04-22,India,Organic,Basic
C0154,2024-01-02,India,Organic,Premium
C0155,2024-08-07,UK,Referral,Standard
C0156,2024-08-12,Thailand,Social Media,Premium
C0157,2025-01-19,USA,Referral,Basic
C0158,2025-02-06,UK,Organic,Standard
C0159,2024-05-09,UK,Google Ads,Standard
C0160,2024-02-22,Canada,Social Media,Standard
C0161,2025-02-19,Thailand,Social Media,Premium
C0162,2024-09-03,India,Email,Basic
C0163,2025-03-14,USA,Organic,Basic
C0164,2024-07-21,USA,Google Ads,Standard
C0165,2024-07-02,India,Email,Standard
C0166,2024-05-02,India,Google Ads,Standard
C0167,2025-02-04,Canada,Referral,Basic
C0168,2024-10-20,Thailand,Email,Standard
C0169,2024-10-06,Thailand,Social Media,Basic
C0170,2024-07-16,India,Organic,Standard
C0171,2025-05-25,UK,Social Media,Standard
C0172,2024-05-23,Thailand,Referral,Standard
C0173,2024-07-19,Thailand,Organic,Basic
C0174,2024-05-03,Thailand,Organic,Basic
C0175,2024-07-05,Germany,Email,Basic
C0176,2024-11-21,Thailand,Organic,Basic
C0177,2025-04-08,USA,Social Media,Standard
C0178,2024-12-14,Thailand,Referral,Premium
C0179,2025-02-06,USA,Email,Basic
C0180,2024-12-11,Thailand,Email,Standard
C0181,2025-05-25,UK,Email,Premium
C0182,2024-05-26,Thailand,Social Media,Premium
C0183,2024-05-27,Australia,Organic,Basic
C0184,2025-05-03,Thailand,Google Ads,Premium
C0185,2024-12-03,UK,Google Ads,Basic
C0186,2025-04-17,Germany,Google Ads,Basic
C0187,2024-05-30,India,Organic,Basic
C0188,2025-02-18,UK,Social Media,Standard
C0189,2024-10-24,USA,Organic,Basic
C0190,2024-09-19,USA,Organic,Basic
C0191,2024-05-23,India,Referral,Basic
C0192,2024-12-11,Canada,Social Media,Premium
C0193,2024-01-02,India,Organic,Premium
C0194,2024-10-30,UK,Organic,Basic
C0195,2024-09-10,India,Organic,Premium
C0196,2025-03-28,USA,Email,Premium
C0197,2024-02-06,Thailand,Organic,Standard
C0198,2024-06-08,UK,Organic,Basic
C0199,2024-01-09,Canada,Google Ads,Standard
C0200,2024-08-20,Thailand,Social Media,Premium
C0201,2024-04-08,India,Google Ads,Standard
C0202,2024-07-26,Thailand,Social Media,Basic
C0203,2024-05-10,UK,Organic,Standard
C0204,2025-02-07,Thailand,Referral,Standard
C0205,2024-05-31,USA,Social Media,Standard
C0206,2024-02-23,Australia,Social Media,Basic
C0207,2024-04-29,USA,Social Media,Basic
C0208,2025-02-23,India,Referral,Premium
C0209,2025-02-25,Australia,Google Ads,Premium
C0210,2024-04-13,Canada,Organic,Basic
C0211,2024-09-10,Thailand,Google Ads,Premium
C0212,2024-08-14,USA,Social Media,Basic
C0213,2024-04-21,Thailand,Social Media,Standard
C0214,2025-05-24,Canada,Google Ads,Standard
C0215,2025-04-17,Canada,email,Premium
C0216,2024-04-08,UK,Email,Premium
C0217,2024-06-01,Germany,Referral,Basic
C0218,2024-12-03,UK,Google Ads,Premium
C0219,2024-06-11,India,Google Ads,Basic
C0220,2024-06-09,Thailand,Email,Standard
C0221,2025-02-01,Australia,Email,Standard
C0222,2024-10-03,Thailand,Referral,Standard
C0223,2025-05-18,Australia,Google Ads,Basic
C0224,2025-01-26,Australia,Social Media,Premium
C0225,2024-05-14,India,Google Ads,Basic
C0226,2024-07-13,Thailand,Google Ads,Basic
C0227,2025-02-04,USA,Organic,Standard
C0228,2024-02-02,Thailand,Social Media,Standard
C0229,2025-04-04,USA,Email,Premium
C0230,2025-04-14,Thailand,Email,Basic
C0231,2025-01-09,Canada,Google Ads,Basic
C0232,2024-01-22,UK,Referral,Premium
C0233,2024-02-07,USA,Organic,Standard
C0234,2024-08-17,USA,Social Media,Basic
C0235,2024-12-30,USA,Email,Standard
C0236,2025-03-13,India,Email,Standard
C0237,2024-10-09,UK,Organic,Standard
C0238,2024-01-27,Germany,Email,Standard
C0239,2024-08-13,UK,Google Ads,Premium
C0240,2024-10-03,Canada,Organic,Premium
C0241,2024-10-10,Germany,Google Ads,Standard
C0242,2025-04-25,Thailand,Referral,Basic
C0243,2025-03-28,Canada,Organic,Premium
C0244,2025-05-30,Thailand,Social Media,Standard
C0245,2025-06-30,Australia,Email,Standard
C0246,2024-07-10,USA,Google Ads,Basic
C0247,2024-02-18,Germany,Email,Premium
C0248,2025-05-26,Germany,Organic,Standard
C0249,2024-01-17,Australia,Organic,Basic
C0250,2024-06-20,Australia,Organic,Basic
C0251,2024-08-07,USA,Organic,Premium
C0252,2024-06-06,Thailand,Google Ads,Basic
C0253,2025-04-21,USA,Referral,Premium
C0254,2024-02-15,Thailand,Social Media,Standard
C0255,2025-01-07,India,Social Media,Standard
C0256,2025-06-01,USA,Organic,Basic
C0257,2024-04-08,Canada,Email,Basic
C0258,2024-02-06,India,Email,Premium
C0259,2024-10-06,Australia,Organic,Basic
C0260,2024-12-14,Thailand,Google Ads,Standard
C0261,2025-05-11,Germany,Google Ads,Basic
C0262,2024-10-28,Canada,Email,Basic
C0263,2024-06-29,UK,Email,Basic
C0264,2024-04-08,India,Social Media,Standard
C0265,2024-04-25,Australia,Social Media,Premium
C0266,2024-07-09,Thailand,Email,Basic
C0267,2024-09-09,UK,Referral,Basic
C0268,2024-06-09,USA,Referral,Basic
C0269,2024-09-12,Thailand,Email,Standard
C0270,2024-11-18,USA,Email,Standard
C0271,2024-05-07,Thailand,Google Ads,Premium
C0272,2024-01-18,Thailand,Referral,Standard
C0273,2024-11-18,Thailand,Referral,Standard
C0274,2024-10-14,Canada,Organic,Basic
C0275,2024-06-03,UK,Email,Premium
C0276,2025-05-04,Canada,Google Ads,Basic
C0277,2025-01-20,USA,Google Ads,Basic
C0278,2024-04-13,USA,Organic,Standard
C0279,2025-01-27,UK,Social Media,Standard
C0280,2024-09-02,USA,Social Media,Basic
C0281,2024-06-24,Thailand,Social Media,Standard
C0282,2024-02-08,India,Social Media,Standard
C0283,2025-04-21,Thailand,Social Media,Basic
C0284,2025-06-21,India,Email,Premium
C0285,2025-02-11,India,Google Ads,Standard
C0286,2025-06-08,Thailand,Organic,Basic
C0287,2025-05-20,Thailand,Social Media,Standard
C0288,2024-02-05,Australia,Organic,Basic
C0289,2024-01-20,USA,Social Media,Standard
C0290,2024-11-16,Thailand,Organic,Standard
C0291,2025-05-26,Canada,Organic,Basic
C0292,2025-02-03,Thailand,Organic,Standard
C0293,2025-04-15,India,Organic,Premium
C0294,2024-05-22,Canada,Social Media,Standard
C0295,2024-04-01,Thailand,Social Media,Premium
C0296,2024-12-19,Thailand,Google Ads,Basic
C0297,2024-02-20,Thailand,Organic,Basic
C0298,2024-07-08,,Organic,Basic
C0299,2024-05-04,Thailand,Organic,Basic
C0300,2024-05-29,India,Organic,Basic
C0301,2024-11-09,Thailand,Referral,Basic
C0302,2024-12-07,UK,Organic,Premium
C0303,2024-10-31,Canada,Email,Premium
C0304,2024-02-23,Australia,Organic,Standard
C0305,2025-03-19,India,Organic,Basic
C0306,2024-09-20,USA,Google Ads,Basic
C0307,2024-02-22,India,Google Ads,Basic
C0308,2024-01-05,UK,Organic,Standard
C0309,2024-04-12,USA,Organic,Premium
C0310,2024-07-14,Thailand,Email,Standard
C0311,2024-12-15,Germany,Organic,Basic
C0312,2024-02-16,USA,Organic,Standard
C0313,2024-09-25,Thailand,Referral,Basic
C0314,2025-01-04,USA,Google Ads,Basic
C0315,2024-04-15,USA,Google Ads,Standard
C0316,2024-04-29,Australia,Email,Standard
C0317,2024-02-27,India,Email,Basic
C0318,2024-12-11,Australia,Google Ads,Basic
C0319,2025-04-18,Thailand,Social Media,Premium
C0320,2024-04-26,USA,Social Media,Basic
C0321,2024-05-06,UK,Organic,Basic
C0322,2025-01-27,Thailand,Google Ads,Basic
C0323,2024-02-27,Thailand,Email,Basic
C0324,2025-05-27,Australia,Referral,Basic
C0325,2024-04-05,Thailand,Google Ads,Premium
C0326,2024-04-27,UK,Google Ads,Basic
C0327,2025-05-02,Thailand,Organic,Standard
C0328,2024-08-24,Thailand,Google Ads,Standard
C0329,2024-09-28,Thailand,Organic,Standard
C0330,2024-07-07,Canada,Email,Premium
C0331,2025-03-22,Australia,Organic,Premium
C0332,2024-09-03,Canada,Social Media,Basic
C0333,2024-03-16,UK,Organic,Standard
C0334,2024-06-02,Thailand,Email,Standard
C0335,2025-03-10,UK,Referral,Premium
C0336,2024-03-26,USA,Organic,Standard
C0337,2024-10-11,Germany,Google Ads,Premium
C0338,2024-08-07,Thailand,Email,Standard
C0339,2024-03-09,UK,Organic,Basic
C0340,2024-02-16,Thailand,Social Media,Standard
C0341,2024-04-03,USA,Organic,Premium
C0342,2025-03-28,India,Google Ads,Premium
C0343,2024-07-22,USA,Google Ads,Basic
C0344,2024-08-05,USA,Google Ads,Standard
C0345,2025-04-18,USA,Social Media,Basic
C0346,2025-03-07,USA,Email,Basic
C0347,2024-12-06,Australia,Organic,Basic
C0348,2024-10-15,Germany,Social Media,Basic
C0349,2024-09-10,Canada,Google Ads,Premium
C0350,2024-12-22,Australia,Social Media,Basic
C0351,2024-01-23,USA,Social Media,Premium
C0352,2025-06-05,India,Social Media,Basic
C0353,2024-04-09,USA,Google Ads,Basic
C0354,2024-06-28,Thailand,Email,Basic
C0355,2024-08-10,Germany,Social Media,Basic
C0356,2025-03-17,Thailand,Google Ads,Basic
C0357,2024-11-20,Germany,Organic,Basic
C0358,2025-05-30,USA,Social Media,Standard
C0359,2024-01-16,India,Referral,Basic
C0360,2024-12-01,India,Google Ads,Basic
C0361,2024-09-14,Germany,Organic,Basic
C0362,2025-05-11,India,Email,Premium
C0363,2024-06-08,India,Social Media,Premium
C0364,2025-04-19,Thailand,Referral,Standard
C0365,2025-01-14,UK,Organic,Basic
C0366,2025-06-28,Thailand,Organic,Basic
C0367,2025-03-02,India,Referral,Premium
C0368,2024-09-24,UK,Email,Basic
C0369,2025-02-20,India,Google Ads,Basic
C0370,2024-06-16,Thailand,Referral,Basic
C0371,2024-02-12,Thailand,Organic,Basic
C0372,2024-10-11,India,Google Ads,Basic
C0373,2025-01-31,Thailand,Organic,Standard
C0374,2024-01-12,Thailand,Email,Basic
C0375,2024-10-28,Thailand,Social Media,Standard
C0376,2024-09-09,Canada,Email,Basic
C0377,2025-05-13,India,Referral,Basic
C0378,2024-02-04,USA,Google Ads,Premium
C0379,2024-03-30,Thailand,Email,Basic
C0380,2025-02-21,USA,Organic,Premium
C0381,2024-04-24,Australia,Email,Standard
C0382,2024-07-14,India,Email,Basic
C0383,2025-05-15,Thailand,Organic,Premium
C0384,2025-05-07,Thailand,Email,Basic
C0385,2024-03-15,Thailand,Google Ads,Premium
C0386,2025-02-16,India,Social Media,Basic
C0387,2025-01-10,Australia,Google Ads,Premium
C0388,2025-02-23,Thailand,Social Media,Basic
C0389,2024-10-03,Thailand,Organic,Standard
C0390,2025-01-28,Thailand,Organic,Standard
C0391,2025-04-01,Canada,Google Ads,Premium
C0392,2024-07-10,Thailand,Google Ads,Premium
C0393,2024-04-08,Australia,Organic,Premium
C0394,2024-04-05,India,Social Media,Premium
C0395,2024-07-08,USA,Social Media,Basic
C0396,2024-02-06,Thailand,Google Ads,Basic
C0397,2025-01-03,Thailand,Organic,Basic
C0398,2025-06-08,India,Social Media,Basic
C0399,2024-10-05,Australia,Google Ads,Basic
C0400,2024-08-04,India,Social Media,Standard
C0401,2024-09-29,UK,Social Media,Basic
C0402,2024-03-02,Thailand,Social Media,Standard
C0403,2024-12-07,Canada,Google Ads,Basic
C0404,2025-01-31,Australia,Organic,Basic
C0405,2024-01-19,Thailand,Social Media,Standard
C0406,2024-06-25,Canada,Google Ads,Standard
C0407,2025-01-30,India,Social Media,Standard
C0408,2025-03-20,UK,Organic,Standard
C0409,2024-08-20,Australia,Organic,Basic
C0410,2024-03-16,Australia,Referral,Standard
C0411,2024-09-21,India,Social Media,Basic
C0412,2025-03-30,Thailand,Referral,Basic
C0413,2025-01-18,USA,Social Media,Basic
C0414,2025-05-20,Canada,Google Ads,Basic
C0415,2025-01-01,Thailand,Google Ads,Basic
C0416,2024-05-23,USA,Referral,Premium
C0417,2024-03-09,USA,Google Ads,Premium
C0418,2024-04-08,USA,Google Ads,Basic
C0419,2025-01-30,India,Organic,Basic
C0420,2024-01-25,Canada,Google Ads,Basic
C0421,2025-04-13,Thailand,Social Media,Basic
C0422,2025-04-28,Thailand,Email,Premium
C0423,2024-05-30,Thailand,Organic,Basic
C0424,2024-05-23,Germany,Email,Standard
C0425,2024-02-08,India,Organic,Basic
C0426,2024-04-18,Thailand,Organic,Premium
C0427,2024-02-11,Australia,Email,Basic
C0428,2024-07-04,Germany,Referral,Standard
C0429,2025-02-01,Germany,Google Ads,Basic
C0430,2024-08-10,Germany,Organic,Standard
C0431,2024-05-12,Thailand,Organic,Basic
C0432,2024-06-11,Australia,Social Media,Basic
C0433,2024-08-02,USA,Email,Premium
C0434,2024-08-22,Germany,Social Media,Premium
C0435,2024-01-09,India,Google Ads,Premium
C0436,2024-03-14,Australia,Social Media,Standard
C0437,2025-05-06,India,Email,Premium
C0438,2024-09-09,Thailand,Social Media,Basic
C0439,2024-08-17,UK,Email,Basic
C0440,2025-06-02,Canada,Referral,Basic
C0441,2024-06-22,Canada,Google Ads,Standard
C0442,2024-06-16,Thailand,Email,Basic
C0443,2024-06-18,Thailand,Email,Basic
C0444,2025-01-27,Thailand,Organic,Standard
C0445,2024-07-12,India,Social Media,Premium
C0446,2025-05-31,Australia,Organic,Basic
C0447,2024-01-29,Thailand,Google Ads,Basic
C0448,2024-06-13,UK,Email,Basic
C0449,2025-02-25,Germany,Google Ads,Basic
C0450,2024-12-04,India,Social Media,Basic
C0451,2025-05-10,UK,Social Media,Standard
C0452,2024-12-30,UK,Social Media,Standard
C0453,2024-12-07,UK,Organic,Standard
C0454,2025-05-14,Thailand,Organic,Basic
C0455,2025-05-25,UK,Social Media,Premium
C0456,2024-11-22,India,Email,Basic
C0457,2024-08-04,Germany,Email,Standard
C0458,2024-10-27,India,Organic,Premium
C0459,2024-05-11,Australia,Email,Basic
C0460,2024-03-10,Thailand,Organic,Basic
C0461,2024-09-08,USA,Referral,Premium
C0462,2025-02-18,Thailand,Organic,Basic
C0463,2025-03-20,Thailand,Google Ads,Standard
C0464,2024-06-30,India,Organic,Basic
C0465,2024-06-15,Canada,Google Ads,Standard
C0466,2024-03-31,Thailand,Email,Basic
C0467,2025-06-14,USA,Referral,Basic
C0468,2024-02-08,Australia,Referral,Standard
C0469,2024-05-05,Thailand,Email,Basic
C0470,2025-03-26,UK,Referral,Basic
C0471,2024-06-21,India,Referral,Basic
C0472,2024-08-07,India,Social Media,Basic
C0473,2024-02-27,Thailand,Social Media,Basic
C0474,2025-04-20,USA,Organic,Basic
C0475,2025-03-31,Australia,Google Ads,Premium
C0476,2024-12-26,UK,Organic,Basic
C0477,2024-01-01,Thailand,Organic,Standard
C0478,2025-01-21,Australia,Referral,Basic
C0479,2024-12-13,Thailand,Email,Basic
C0480,2024-07-08,Australia,Social Media,Premium
C0481,2025-05-19,Thailand,Social Media,Basic
C0482,2024-07-09,Canada,Social Media,Premium
C0483,2025-05-22,USA,Referral,Basic
C0484,2025-01-03,USA,Organic,Standard
C0485,2025-02-12,Thailand,Organic,Standard
C0486,2024-04-26,USA,Email,Premium
C0487,2024-05-13,Germany,Organic,Standard
C0488,2024-02-27,Canada,Organic,Standard
C0489,2024-06-21,USA,Email,Basic
C0490,2024-05-28,USA,Social Media,Basic
C0491,2024-03-20,India,Google Ads,Premium
C0492,2024-07-31,Germany,Email,Basic
C0493,2024-07-21,UK,Google Ads,Basic
C0494,2024-08-16,USA,Organic,Standard
C0495,2024-08-14,USA,Organic,Basic
C0496,2025-06-15,India,Social Media,Premium
C0497,2025-03-16,Thailand,Google Ads,Standard
C0498,2025-02-05,India,Social Media,Standard
C0499,2024-02-16,USA,Organic,Premium
C0500,2024-08-20,Australia,Social Media,Basic
C0501,2024-10-31,Thailand,Google Ads,Basic
C0502,2025-06-09,UK,Google Ads,Standard
C0503,2024-05-22,UK,Google Ads,Basic
C0504,2025-02-18,India,Social Media,Standard
C0505,2025-05-27,Thailand,Google Ads,Premium
C0506,2025-01-07,UK,Google Ads,Standard
C0507,2024-09-15,UK,Referral,Basic
C0508,2025-04-15,UK,Social Media,Premium
C0509,2024-01-12,India,Email,Standard
C0510,2024-11-25,India,Social Media,Standard
C0511,2024-12-23,Australia,Email,Basic
C0512,2025-02-11,Thailand,Organic,Premium
C0513,2025-01-07,Australia,Google Ads,Standard
C0514,2024-01-08,UK,Referral,Standard
C0515,2024-05-01,Thailand,Referral,Premium
C0516,2024-12-13,Thailand,Email,Basic
C0517,2024-03-30,USA,Google Ads,Standard
C0518,2024-11-11,Australia,Organic,Premium
C0519,2024-06-26,India,Referral,Basic
C0520,2025-06-23,Australia,Referral,Standard
C0521,2024-02-10,UK,Google Ads,Premium
C0522,2025-05-16,USA,Social Media,Standard
C0523,2024-05-24,Thailand,Social Media,Standard
C0524,2024-07-19,USA,Google Ads,Premium
C0525,2025-04-05,USA,Organic,Premium
C0526,2025-06-30,Thailand,Google Ads,Basic
C0527,2024-09-09,Thailand,Social Media,Basic
C0528,2025-01-24,UK,Social Media,Basic
C0529,2024-09-12,India,Email,Standard
C0530,2025-03-25,Canada,Referral,Standard
C0531,2024-01-10,Canada,Organic,Standard
C0532,2024-08-29,India,Google Ads,Basic
C0533,2024-09-07,USA,Social Media,Standard
C0534,2024-01-05,India,Social Media,Basic
C0535,2024-04-28,Australia,Google Ads,Standard
C0536,2025-01-08,Thailand,Email,Standard
C0537,2024-03-05,USA,Organic,Basic
C0538,2024-05-25,Australia,Google Ads,Basic
C0539,2024-08-11,USA,Google Ads,Standard
C0540,2024-08-26,UK,Organic,Standard
C0541,2024-06-25,UK,Social Media,Basic
C0542,2024-10-08,Thailand,Google Ads,Premium
C0543,2024-03-03,USA,Google Ads,Standard
C0544,2024-08-04,USA,Social Media,Premium
C0545,2025-04-05,Thailand,Organic,Standard
C0546,2024-04-14,Thailand,Organic,Standard
C0547,2024-04-08,Australia,Social Media,Premium
C0548,2025-05-25,Thailand,Google Ads,Standard
C0549,2025-01-19,UK,Social Media,Standard
C0550,2025-02-08,Thailand,Social Media,Basic
C0551,2025-06-01,Canada,Social Media,Standard
C0552,2025-04-20,Thailand,Referral,Basic
C0553,2025-03-12,USA,Google Ads,Basic
C0554,2024-01-23,Germany,Google Ads,Basic
C0555,2025-04-02,Germany,Email,Basic
C0556,2024-03-23,Thailand,Organic,Premium
C0557,2024-05-24,Australia,Google Ads,Basic
C0558,2024-03-25,USA,Email,Standard
C0559,2024-03-18,UK,Referral,Premium
C0560,2025-04-01,Thailand,Google Ads,Standard
C0561,2024-01-01,Thailand,Google Ads,Basic
C0562,2024-02-20,India,Email,Standard
C0563,2025-03-21,UK,Organic,Standard
C0564,2025-03-24,USA,Organic,Standard
C0565,2025-05-02,India,Email,Standard
C0566,2024-02-03,Australia,Organic,Premium
C0567,2024-12-13,Thailand,Google Ads,Standard
C0568,2024-04-04,India,Referral,Basic
C0569,2024-03-12,Thailand,Referral,Standard
C0570,2024-06-02,Australia,Google Ads,Basic
C0571,2024-09-06,India,Organic,Premium
C0572,2025-03-13,Canada,Social Media,Basic
C0573,2024-04-27,Thailand,Referral,Basic
C0574,2024-11-01,Thailand,Organic,Premium
C0575,2024-09-24,Thailand,Social Media,Standard
C0576,2024-02-23,Thailand,Email,Basic
C0577,2024-08-23,Thailand,Social Media,Standard
C0578,2025-01-23,Germany,Referral,Premium
C0579,2025-02-04,Thailand,Organic,Basic
C0580,2024-10-29,Thailand,Referral,Premium
C0581,2024-07-25,Australia,Google Ads,Basic
C0582,2024-08-16,USA,Referral,Standard
C0583,2024-03-15,Australia,Google Ads,Premium
C0584,2025-03-10,Thailand,Social Media,Basic
C0585,2024-04-12,UK,Organic,Standard
C0586,2025-02-25,Thailand,Email,Basic
C0587,2024-11-01,Thailand,Organic,Standard
C0588,2024-04-07,Germany,Referral,Standard
C0589,2024-11-30,Thailand,Social Media,Standard
C0590,2025-03-10,UK,Social Media,Basic
C0591,2025-03-22,USA,Referral,Basic
C0592,2024-11-03,USA,Organic,Basic
C0593,2024-09-05,Germany,Email,Basic
C0594,2024-06-14,Thailand,Organic,Standard
C0595,2025-04-25,India,Organic,Premium
C0596,2024-11-30,Canada,Organic,Standard
C0597,2025-06-25,UK,Google Ads,Standard
C0598,2024-04-15,Canada,Email,Premium
C0599,2024-03-21,Thailand,Organic,Standard
C0600,2024-05-12,USA,Organic,Premium
C0601,2024-05-17,Thailand,Organic,Standard
C0602,2024-07-02,India,Referral,Basic
C0603,2025-02-04,Canada,Social Media,Basic
C0604,2024-11-25,Thailand,Referral,Standard
C0605,2025-05-22,India,Email,Basic
C0606,2024-03-09,Thailand,Email,Basic
C0607,2025-06-29,UK,Social Media,Standard
C0608,2024-02-22,USA,Email,Standard
C0609,2025-03-25,Canada,Email,Standard
C0610,2024-07-23,India,Organic,Basic
C0611,2024-05-05,USA,Organic,Basic
C0612,2024-02-12,Thailand,Email,Standard
C0613,2024-04-20,Thailand,Email,Premium
C0614,2024-07-01,Thailand,Social Media,Standard
C0615,2024-04-04,Thailand,Organic,Premium
C0616,2025-01-08,Germany,Organic,Standard
C0617,2025-06-03,UK,Social Media,Standard
C0618,2024-12-25,UK,Organic,Basic
C0619,2024-10-07,Thailand,Email,Standard
C0620,2024-07-13,Germany,Social Media,Standard
C0621,2024-07-13,India,Organic,Standard
C0622,2024-04-02,Thailand,Organic,Standard
C0623,2024-03-01,India,Google Ads,Standard
C0624,2024-02-20,UK,Email,Basic
C0625,2025-02-06,Thailand,Google Ads,Standard
C0626,2024-01-05,USA,Social Media,Basic
C0627,2025-04-10,UK,Organic,Premium
C0628,2025-06-17,Thailand,Google Ads,Basic
C0629,2025-02-08,Canada,Google Ads,Basic
C0630,2025-05-27,Germany,Organic,Standard
C0631,2024-08-20,India,Google Ads,Standard
C0632,2025-06-07,USA,Email,Standard
C0633,2024-12-11,USA,Google Ads,Basic
C0634,2024-02-15,India,Organic,Standard
C0635,2025-06-29,UK,Google Ads,Basic
C0636,2024-03-18,Thailand,Email,Premium
C0637,2024-03-13,UK,Social Media,Premium
C0638,2024-09-05,Australia,Organic,Standard
C0639,2024-02-16,USA,Email,Basic
C0640,2024-04-30,Thailand,Google Ads,Standard
C0641,2024-08-01,Australia,Social Media,Basic
C0642,2024-08-26,Thailand,Google Ads,Standard
C0643,2024-02-25,Thailand,Google Ads,Basic
C0644,2024-12-15,Thailand,Social Media,Premium
C0645,2024-04-16,USA,Social Media,Basic
C0646,2024-02-17,Australia,Email,Standard
C0647,2024-12-02,UK,Google Ads,Standard
C0648,2024-01-26,Thailand,Social Media,Standard
C0649,2024-09-13,Germany,Referral,Basic
C0650,2024-01-08,Germany,Referral,Premium
C0651,2024-09-09,Germany,Email,Standard
C0652,2024-10-29,Thailand,Organic,Standard
C0653,2024-02-25,USA,Google Ads,Basic
C0654,2025-06-09,Canada,Social Media,Standard
C0655,2025-04-18,Australia,Google Ads,Standard
C0656,2024-01-28,Thailand,Google Ads,Basic
C0657,2024-03-18,Thailand,Social Media,Basic
C0658,2024-08-03,USA,Email,Premium
C0659,2025-01-20,Germany,Social Media,Basic
C0660,2024-12-30,UK,Email,Basic
C0661,2025-06-09,UK,Email,Standard
C0662,2024-11-07,Thailand,Google Ads,Standard
C0663,2024-01-07,India,Social Media,Basic
C0664,2024-01-03,Australia,Organic,Standard
C0665,2024-12-28,USA,Organic,Basic
C0666,2025-05-22,Australia,Referral,Basic
C0667,2024-09-30,Canada,Organic,Basic
C0668,2025-05-20,Thailand,Google Ads,Premium
C0669,2024-01-15,UK,Google Ads,Basic
C0670,2024-07-10,Thailand,Google Ads,Basic
C0671,2025-04-29,Australia,Google Ads,Standard
C0672,2024-01-28,UK,Organic,Premium
C0673,2024-02-08,India,Google Ads,Basic
C0674,2024-09-29,Australia,Email,Standard
C0675,2024-08-18,USA,Google Ads,Basic
C0676,2024-03-26,Germany,Organic,Standard
C0677,2025-04-18,UK,Google Ads,Standard
C0678,2024-05-05,Thailand,Organic,Standard
C0679,2025-06-20,India,Email,Basic
C0680,2024-05-24,Australia,Organic,Basic
C0681,2025-06-08,USA,Organic,Basic
C0682,2024-07-30,Germany,Social Media,Basic
C0683,2024-01-25,Germany,Email,Basic
C0684,2025-01-28,Thailand,Referral,Standard
C0685,2024-03-07,Canada,Referral,Premium
C0686,2024-08-20,Thailand,Google Ads,Premium
C0687,2024-04-18,Thailand,Organic,Premium
C0688,2024-05-25,Thailand,Email,Standard
C0689,2024-04-20,Germany,Social Media,Standard
C0690,2024-08-15,India,Email,Basic
C0691,2024-04-20,Thailand,Organic,Standard
C0692,2025-04-14,USA,Google Ads,Standard
C0693,2024-02-03,India,Social Media,Standard
C0694,2025-01-03,Thailand,Social Media,Standard
C0695,2025-02-28,Germany,Organic,Basic
C0696,2025-06-01,Australia,Social Media,Basic
C0697,2024-10-08,UK,Organic,Premium
C0698,2024-11-15,Canada,Organic,Basic
C0699,2025-03-18,USA,Referral,Standard
C0700,2024-11-10,Canada,Organic,Premium
C0701,2025-01-11,India,Email,Standard
C0702,2024-10-15,India,Organic,Standard
C0703,2025-03-12,Thailand,Referral,Basic
C0704,2024-10-03,Germany,Social Media,Basic
C0705,2025-05-17,USA,Google Ads,Premium
C0706,2025-05-30,Thailand,Social Media,Standard
C0707,2024-12-15,Thailand,Organic,Standard
C0708,2025-03-21,UK,Google Ads,Basic
C0709,2024-12-15,UK,Email,Basic
C0710,2024-05-16,India,Organic,Premium
C0711,2024-08-30,Germany,Google Ads,Basic
C0712,2025-06-26,Thailand,Referral,Standard
C0713,2024-02-09,India,Organic,Basic
C0714,2024-08-16,Thailand,Email,Standard
C0715,2024-08-10,Germany,Organic,Premium
C0716,2024-01-06,Australia,Organic,Standard
C0717,2024-11-17,UK,Referral,Basic
C0718,2025-04-12,India,Google Ads,Standard
C0719,2024-03-15,USA,Google Ads,Standard
C0720,2024-01-04,USA,Social Media,Basic
C0721,2024-04-27,Australia,Organic,Premium
C0722,2025-05-18,USA,Google Ads,Standard
C0723,2025-03-16,USA,Email,Premium
C0724,2024-07-12,UK,Google Ads,Standard
C0725,2025-01-26,Australia,Referral,Basic
C0726,2024-01-26,USA,Social Media,Basic
C0727,2025-03-10,Thailand,Email,Basic
C0728,2024-06-21,India,Social Media,Premium
C0729,2024-10-26,Australia,Organic,Standard
C0730,2024-11-21,Thailand,Organic,Standard
C0731,2025-02-13,Thailand,Organic,Basic
C0732,2024-04-27,Thailand,Email,Basic
C0733,2024-08-12,USA,Google Ads,Standard
C0734,2025-06-15,USA,Google Ads,Standard
C0735,2024-04-22,Australia,Referral,Basic
C0736,2024-05-19,India,Google Ads,Standard
C0737,2024-01-01,India,Google Ads,Basic
C0738,2024-03-30,USA,Organic,Basic
C0739,2024-11-15,Germany,Organic,Standard
C0740,2024-05-18,USA,Google Ads,Basic
C0741,2025-05-25,Canada,Email,Premium
C0742,2024-09-15,India,Social Media,Basic
C0743,2024-01-10,Thailand,Organic,Basic
C0744,2024-09-17,India,Organic,Basic
C0745,2024-06-20,USA,Email,Standard
C0746,2024-01-13,India,Organic,Standard
C0747,2024-06-16,Thailand,Organic,Standard
C0748,2024-11-16,Thailand,Social Media,Basic
C0749,2024-11-14,Germany,Organic,Basic
C0750,2024-11-24,Thailand,Google Ads,Standard
C0751,2025-02-22,Australia,Email,Premium
C0752,2024-04-04,Thailand,Organic,Premium
C0753,2024-11-13,India,Email,Basic
C0754,2024-08-23,India,Social Media,Standard
C0755,2024-11-29,UK,Email,Premium
C0756,2025-01-10,USA,Social Media,Basic
C0757,2025-04-03,,Organic,Premium
C0758,2024-05-16,Thailand,Social Media,Basic
C0759,2025-06-30,USA,Organic,Premium
C0760,2025-05-27,India,Social Media,Standard
C0761,2024-10-22,Canada,Google Ads,Premium
C0762,2024-11-15,Germany,Referral,Standard
C0763,2024-12-14,Australia,Email,Basic
C0764,2024-08-16,Australia,Organic,Premium
C0765,2024-09-26,India,Organic,Basic
C0766,2024-10-17,Thailand,Social Media,Basic
C0767,2024-06-13,Germany,Google Ads,Standard
C0768,2024-01-05,India,Social Media,Standard
C0769,2025-01-13,UK,Organic,Premium
C0770,2024-03-18,Thailand,Email,Basic
C0771,2025-02-13,USA,Organic,Standard
C0772,2024-05-11,USA,Referral,Standard
C0773,2024-02-11,Germany,Google Ads,Basic
C0774,2024-03-29,UK,Referral,Basic
C0775,2025-02-05,USA,Email,Basic
C0776,2024-10-22,Canada,Google Ads,Basic
C0777,2024-10-21,Thailand,Social Media,Premium
C0778,2025-06-09,USA,Email,Standard
C0779,2025-02-25,Thailand,Social Media,Standard
C0780,2024-01-23,India,Referral,Premium
C0781,2024-05-22,Germany,Referral,Basic
C0782,2024-05-24,Thailand,Social Media,Premium
C0783,2024-08-12,Germany,Email,Standard
C0784,2025-05-17,Thailand,Email,Premium
C0785,2024-04-13,Germany,Referral,Basic
C0786,2024-02-08,Australia,Organic,Premium
C0787,2024-07-16,Australia,Social Media,Basic
C0788,2025-01-25,Thailand,Social Media,Basic
C0789,2024-06-27,Canada,Google Ads,Standard
C0790,2025-03-23,India,Referral,Basic
C0791,2025-05-14,,Email,Standard
C0792,2024-01-15,Australia,Email,Standard
C0793,2024-10-15,Thailand,Organic,Standard
C0794,2025-04-22,Germany,Email,Basic
C0795,2024-08-18,Thailand,Email,Basic
C0796,2025-02-23,India,Email,Basic
C0797,2024-06-05,UK,Social Media,Standard
C0798,2025-03-16,Thailand,Referral,Basic
C0799,2024-04-06,Thailand,Organic,Basic
C0800,2025-02-14,Thailand,Email,Basic
C0801,2024-10-15,USA,Referral,Basic
C0802,2024-09-10,USA,Organic,Standard
C0803,2024-07-14,UK,Organic,Premium
C0804,2025-06-05,Thailand,Organic,Basic
C0805,2025-05-31,Thailand,Google Ads,Standard
C0806,2024-04-27,Australia,Organic,Standard
C0807,2024-06-07,Thailand,Referral,Basic
C0808,2024-08-15,Germany,Email,Standard
C0809,2024-08-03,Germany,Google Ads,Basic
C0810,2024-01-15,India,Organic,Standard
C0811,2024-06-05,UK,Google Ads,Basic
C0812,2024-09-17,Germany,Google Ads,Standard
C0813,2024-06-05,Thailand,Social Media,Standard
C0814,2024-02-16,Thailand,Social Media,Basic
C0815,2024-11-19,Thailand,Google Ads,Basic
C0816,2024-05-09,Australia,Referral,Premium
C0817,2025-02-14,Thailand,Social Media,Standard
C0818,2024-04-04,UK,Social Media,Standard
C0819,2024-10-18,Canada,Organic,Premium
C0820,2024-10-09,Germany,Organic,Standard
C0821,2024-03-09,UK,Organic,Standard
C0822,2024-01-11,Thailand,Google Ads,Standard
C0823,2024-09-10,Australia,Email,Premium
C0824,2024-05-13,UK,Email,Standard
C0825,2024-01-23,Thailand,Referral,Standard
C0826,2024-12-11,Thailand,Referral,Basic
C0827,2024-10-28,Germany,Referral,Premium
C0828,2024-12-28,India,Email,Standard
C0829,2025-01-30,Australia,Social Media,Basic
C0830,2024-08-05,Germany,Email,Premium
C0831,2024-05-20,UK,Organic,Standard
C0832,2024-07-28,UK,Organic,Basic
C0833,2025-04-04,USA,Email,Standard
C0834,2024-12-21,USA,Email,Basic
C0835,2024-11-19,USA,Social Media,Premium
C0836,2024-05-12,Australia,Organic,Basic
C0837,2024-05-06,India,Social Media,Premium
C0838,2024-04-15,Germany,Google Ads,Standard
C0839,2025-01-12,USA,Email,Basic
C0840,2024-02-20,India,Google Ads,Premium
C0841,2024-01-29,India,Email,Standard
C0842,2025-04-06,UK,Google Ads,Basic
C0843,2024-10-22,India,Email,Standard
C0844,2024-10-23,Thailand,Organic,Premium
C0845,2025-02-10,UK,Organic,Basic
C0846,2025-02-08,Thailand,Google Ads,Basic
C0847,2024-12-11,USA,Referral,Basic
C0848,2025-02-23,UK,Email,Basic
C0849,2024-06-30,India,email,Standard
C0850,2024-01-01,Canada,Google Ads,Standard
C0851,2025-01-05,India,Referral,Basic
C0852,2025-03-06,Australia,Social Media,Basic
C0853,2024-11-04,UK,Google Ads,Basic
C0854,2024-05-16,India,Google Ads,Premium
C0855,2024-07-20,Thailand,Referral,Basic
C0856,2025-03-11,Thailand,Email,Premium
C0857,2024-11-08,USA,Email,Standard
C0858,2024-04-26,USA,Organic,Basic
C0859,2024-08-31,Thailand,Social Media,Premium
C0860,2025-06-20,Thailand,Social Media,Standard
C0861,2024-03-15,Thailand,Organic,Standard
C0862,2025-01-20,Canada,Google Ads,Premium
C0863,2024-07-28,USA,Google Ads,Basic
C0864,2025-04-19,UK,Organic,Basic
C0865,2025-02-21,Thailand,Referral,Standard
C0866,2024-12-12,India,Organic,Basic
C0867,2025-06-12,Thailand,Organic,Basic
C0868,2024-06-27,Thailand,Google Ads,Basic
C0869,2024-06-30,UK,Social Media,Basic
C0870,2024-01-25,Thailand,Organic,Standard
C0871,2024-06-28,Thailand,Google Ads,Basic
C0872,2025-05-15,Thailand,Google Ads,Standard
C0873,2024-06-09,Thailand,Organic,Standard
C0874,2024-06-25,Thailand,Organic,Standard
C0875,2024-10-11,USA,Google Ads,Basic
C0876,2024-03-03,Australia,Email,Standard
C0877,2024-06-04,UK,Referral,Basic
C0878,2025-04-13,UK,Social Media,Standard
C0879,2024-02-18,Thailand,Referral,Premium
C0880,2024-03-24,Canada,Email,Standard
C0881,2024-12-26,USA,Referral,Standard
C0882,2024-05-27,Thailand,Email,Standard
C0883,2024-12-07,India,Email,Basic
C0884,2025-04-20,Thailand,Organic,Premium
C0885,2024-03-03,USA,Organic,Premium
C0886,2024-12-25,UK,Social Media,Basic
C0887,2024-11-22,Germany,Google Ads,Standard
C0888,2024-05-20,UK,Organic,Premium
C0889,2024-08-02,India,Google Ads,Premium
C0890,2025-03-10,Canada,Email,Standard
C0891,2024-11-13,Thailand,Google Ads,Standard
C0892,2024-02-01,Thailand,Email,Basic
C0893,2024-10-11,USA,Social Media,Premium
C0894,2024-10-31,USA,Social Media,Basic
C0895,2025-03-04,USA,Google Ads,Standard
C0896,2025-04-21,Germany,Email,Basic
C0897,2024-10-12,India,Email,Basic
C0898,2024-05-23,India,Social Media,Basic
C0899,2025-02-27,USA,Email,Premium
C0900,2024-01-19,Australia,Organic,Basic
C0901,2024-01-18,Canada,Organic,Standard
C0902,2025-01-05,Australia,Google Ads,Basic
C0903,2024-06-23,Thailand,Google Ads,Basic
C0904,2024-07-12,India,Social Media,Standard
C0905,2025-05-16,Thailand,Organic,Standard
C0906,2024-04-22,Thailand,Email,Basic
C0907,2024-04-23,Thailand,Social Media,Basic
C0908,2024-08-09,India,Social Media,Basic
C0909,2024-09-20,India,Email,Basic
C0910,2024-02-24,Thailand,Google Ads,Premium
C0911,2025-04-02,USA,Email,Premium
C0912,2024-06-10,USA,Referral,Basic
C0913,2025-01-14,USA,Organic,Standard
C0914,2024-03-27,Thailand,Referral,Premium
C0915,2024-02-24,USA,Social Media,Basic
C0916,2025-04-20,Australia,Google Ads,Premium
C0917,2024-06-26,Thailand,Organic,Premium
C0918,2025-01-25,Thailand,Google Ads,Basic
C0919,2024-12-14,USA,Email,Basic
C0920,2024-01-08,Canada,Organic,Premium
C0921,2024-11-08,India,Google Ads,Standard
C0922,2025-03-18,India,Referral,Basic
C0923,2024-11-23,USA,Google Ads,Basic
C0924,2024-02-23,UK,Social Media,Standard
C0925,2024-08-26,Thailand,Organic,Standard
C0926,2024-08-16,India,Email,Standard
C0927,2024-02-20,Germany,Organic,Premium
C0928,2024-09-20,India,Google Ads,Basic
C0929,2025-02-21,Germany,Referral,Standard
C0930,2024-04-05,India,Google Ads,Standard
C0931,2024-03-28,Thailand,Organic,Basic
C0932,2024-03-18,Germany,Email,Basic
C0933,2024-10-14,Thailand,Google Ads,Premium
C0934,2024-04-29,UK,Email,Premium
C0935,2025-05-05,Thailand,Social Media,Standard
C0936,2025-03-27,Thailand,Social Media,Standard
C0937,2025-05-14,USA,Google Ads,Basic
C0938,2024-06-13,Thailand,Email,Standard
C0939,2024-06-30,UK,Email,Standard
C0940,2025-04-13,UK,Organic,Standard
C0941,2024-01-07,Thailand,Email,Premium
C0942,2024-11-25,Thailand,Email,Standard
C0943,2024-05-30,UK,Social Media,Basic
C0944,2024-03-25,USA,Google Ads,Standard
C0945,2024-05-26,India,Organic,Basic
C0946,2025-01-15,India,Email,Basic
C0947,2024-10-11,Germany,Organic,Basic
C0948,2024-03-22,India,Organic,Standard
C0949,2025-05-28,USA,Social Media,Standard
C0950,2025-06-06,India,Organic,Standard
C0951,2025-01-20,Thailand,Email,Standard
C0952,2025-04-15,USA,Organic,Standard
C0953,2024-04-28,Australia,Referral,Basic
C0954,2025-01-30,USA,Google Ads,Premium
C0955,2025-06-15,Australia,Organic,Basic
C0956,2024-09-17,Australia,Google Ads,Basic
C0957,2024-09-12,Germany,Social Media,Standard
C0958,2024-08-13,Germany,Referral,Basic
C0959,2024-02-22,USA,Organic,Basic
C0960,2025-05-14,USA,Referral,Standard
C0961,2025-05-20,UK,Referral,Standard
C0962,2024-12-29,USA,Referral,Standard
C0963,2024-10-06,India,Google Ads,Premium
C0964,2024-06-06,India,Google Ads,Standard
C0965,2024-02-28,India,Email,Premium
C0966,2024-05-07,USA,Social Media,Basic
C0967,2024-04-24,Thailand,Google Ads,Standard
C0968,2024-07-27,USA,Social Media,Premium
C0969,2025-06-09,Thailand,Email,Standard
C0970,2025-06-04,Germany,Social Media,Standard
C0971,2024-08-24,USA,Social Media,Basic
C0972,2024-10-07,Thailand,Organic,Basic
C0973,2024-12-24,Thailand,Social Media,Standard
C0974,2024-07-19,India,Google Ads,Basic
C0975,2024-10-04,India,Social Media,Premium
C0976,2024-08-22,USA,Email,Basic
C0977,2025-05-08,Thailand,Email,Premium
C0978,2024-01-04,USA,Referral,Premium
C0979,2025-03-17,USA,Email,Basic
C0980,2024-01-29,India,Social Media,Basic
C0981,2024-04-18,India,Google Ads,Premium
C0982,2024-03-15,USA,Google Ads,Premium
C0983,2024-05-25,Thailand,Email,Standard
C0984,2024-05-07,Canada,Google Ads,Basic
C0985,2024-02-11,USA,Email,Standard
C0986,2024-12-21,India,Organic,Standard
C0987,2024-02-10,Thailand,Email,Basic
C0988,2024-02-03,UK,Organic,Standard
C0989,2024-01-17,Thailand,Referral,Basic
C0990,2024-06-01,UK,Referral,Basic
C0991,2025-01-12,Canada,Email,Basic
C0992,2024-12-07,USA,Social Media,Basic
C0993,2024-01-27,Thailand,Email,Basic
C0994,2024-10-13,Thailand,Social Media,Standard
C0995,2024-06-16,USA,Social Media,Basic
C0996,2024-09-24,Thailand,Referral,Basic
C0997,2025-03-30,Thailand,Email,Basic
C0998,2025-02-04,Australia,Social Media,Premium
C0999,2025-04-20,USA,Email,Basic
C1000,2024-05-09,Thailand,Referral,Standard
C1001,2024-12-28,Germany,Organic,Standard
C1002,2024-10-18,Thailand,Google Ads,Premium
C1003,2025-01-05,Canada,Google Ads,Basic
C1004,2024-01-29,USA,Social Media,Standard
C1005,2024-05-28,Germany,Organic,Standard
C1006,2024-10-22,India,Referral,Standard
C1007,2024-01-11,Australia,Organic,Basic
C1008,2025-05-26,Canada,Google Ads,Standard
C1009,2024-04-22,Thailand,Organic,Basic
C1010,2024-07-05,Canada,Email,Standard
C1011,2024-08-14,USA,Google Ads,Standard
C1012,2024-11-05,USA,Email,Basic
C1013,2024-04-07,USA,Organic,Premium
C1014,2024-02-24,UK,Organic,Basic
C1015,2025-02-09,Thailand,Email,Premium
C1016,2024-03-09,UK,Social Media,Standard
C1017,2024-11-07,UK,Referral,Basic
C1018,2024-10-15,Australia,Organic,Basic
C1019,2024-05-27,Australia,Email,Premium
C1020,2025-04-11,USA,Organic,Basic
C1021,2024-08-31,USA,Organic,Basic
C1022,2025-05-05,Thailand,Google Ads,Basic
C1023,2025-05-21,Thailand,Google Ads,Standard
C1024,2024-12-30,Thailand,Organic,Standard
C1025,2025-04-26,USA,Organic,Basic
C1026,2024-07-19,Thailand,Organic,Basic
C1027,2024-06-02,Canada,Social Media,Basic
C1028,2025-03-25,UK,Referral,Basic
C1029,2025-05-15,USA,Organic,Basic
C1030,2024-03-13,UK,Organic,Standard
C1031,2024-10-22,Thailand,Social Media,Basic
C1032,2024-01-17,USA,Referral,Basic
C1033,2024-08-04,India,Email,Basic
C1034,2024-03-01,UK,Organic,Premium
C1035,2024-02-11,USA,Organic,Premium
C1036,2024-01-25,Canada,Google Ads,Premium
C1037,2024-02-08,Germany,Email,Basic
C1038,2024-05-10,India,Organic,Basic
C1039,2025-05-12,UK,Google Ads,Basic
C1040,2024-08-16,India,Organic,Basic
C1041,2024-04-17,Thailand,Social Media,Standard
C1042,2024-06-20,USA,Email,Standard
C1043,2025-03-10,Thailand,Organic,Premium
C1044,2025-04-22,USA,Google Ads,Premium
C1045,2024-04-11,UK,Email,Basic
C1046,2025-06-07,Thailand,Referral,Standard
C1047,2024-10-01,Canada,Google Ads,Basic
C1048,2024-02-13,Germany,Email,Basic
C1049,2024-01-17,India,Social Media,Standard
C1050,2024-11-25,UK,Email,Basic
C1051,2025-05-11,Germany,Referral,Basic
C1052,2024-01-12,Thailand,Email,Basic
C1053,2024-11-13,Australia,Google Ads,Standard
C1054,2024-08-03,Thailand,Organic,Standard
C1055,2024-12-04,Australia,Email,Basic
C1056,2024-03-21,Thailand,Social Media,Premium
C1057,2025-04-29,Germany,Social Media,Basic
C1058,2025-01-08,Canada,Organic,Standard
C1059,2024-07-18,Thailand,Organic,Standard
C1060,2025-06-20,USA,Social Media,Standard
C1061,2025-04-10,Canada,Referral,Premium
C1062,2024-03-29,UK,Organic,Basic
C1063,2024-09-24,Germany,Google Ads,Standard
C1064,2025-05-03,UK,Email,Standard
C1065,2025-06-21,USA,Referral,Premium
C1066,2024-02-16,Thailand,Organic,Basic
C1067,2024-10-14,Thailand,Organic,Standard
C1068,2024-01-16,Australia,Social Media,Standard
C1069,2025-02-04,USA,Organic,Basic
C1070,2024-03-26,UK,Google Ads,Standard
C1071,2024-09-06,UK,Email,Basic
C1072,2025-01-25,UK,Email,Standard
C1073,2024-11-30,Germany,Email,Premium
C1074,2025-06-02,Canada,Google Ads,Standard
C1075,2024-05-16,USA,Organic,Standard
C1076,2025-05-12,Australia,Google Ads,Standard
C1077,2025-04-21,Australia,Social Media,Basic
C1078,2024-08-10,UK,Social Media,Basic
C1079,2025-01-06,Canada,Organic,Standard
C1080,2025-02-05,,Organic,Basic
C1081,2025-03-18,Thailand,Email,Basic
C1082,2025-05-04,Germany,Email,Standard
C1083,2024-09-29,USA,Email,Basic
C1084,2025-06-09,Germany,Social Media,Basic
C1085,2024-06-07,Germany,Organic,Standard
C1086,2024-05-31,Thailand,Organic,Basic
C1087,2024-07-06,Germany,Email,Premium
C1088,2024-04-07,USA,Social Media,Premium
C1089,2024-05-10,UK,Organic,Standard
C1090,2024-06-19,India,Google Ads,Basic
C1091,2024-07-01,Canada,Email,Standard
C1092,2024-12-29,Thailand,Referral,Premium
C1093,2024-02-08,USA,Referral,Standard
C1094,2025-06-10,India,Email,Basic
C1095,2025-05-11,India,Organic,Standard
C1096,2025-05-30,India,Email,Premium
C1097,2024-12-14,Thailand,Organic,Standard
C1098,2025-01-31,Thailand,Social Media,Standard
C1099,2024-06-09,USA,Social Media,Standard
C1100,2024-01-16,Australia,Social Media,Standard
C1101,2025-05-07,Thailand,Social Media,Basic
C1102,2025-03-01,Thailand,Email,Standard
C1103,2024-04-17,Canada,Organic,Basic
C1104,2025-03-25,Thailand,Social Media,Standard
C1105,2024-11-06,Canada,Email,Basic
C1106,2024-06-18,India,Social Media,Standard
C1107,2025-06-29,Australia,Email,Basic
C1108,2025-02-17,Thailand,Organic,Standard
C1109,2024-09-07,Thailand,Referral,Standard
C1110,2024-05-20,India,Organic,Basic
C1111,2024-09-30,Australia,Referral,Basic
C1112,2025-02-19,Australia,Referral,Basic
C1113,2024-02-08,Thailand,Social Media,Premium
C1114,2024-01-29,Australia,Google Ads,Standard
C1115,2025-04-21,Australia,Google Ads,Standard
C1116,2024-11-13,India,Social Media,Basic
C1117,2024-09-01,Australia,Email,Standard
C1118,2024-09-28,Germany,Google Ads,Premium
C1119,2025-03-15,India,Google Ads,Premium
C1120,2024-08-26,Thailand,Email,Standard
C1121,2025-01-11,UK,Email,Basic
C1122,2024-09-22,Thailand,Email,Basic
C1123,2024-12-24,USA,Google Ads,Basic
C1124,2024-12-05,USA,Social Media,Basic
C1125,2025-01-23,Thailand,Organic,Basic
C1126,2024-01-03,USA,Referral,Basic
C1127,2025-03-04,Thailand,Social Media,Basic
C1128,2024-05-21,Australia,Social Media,Premium
C1129,2025-01-10,Canada,Google Ads,Standard
C1130,2024-11-19,Thailand,Social Media,Premium
C1131,2024-05-25,Canada,Organic,Standard
C1132,2024-10-19,UK,Social Media,Basic
C1133,2025-03-07,Thailand,Organic,Standard
C1134,2025-02-02,Thailand,Referral,Basic
C1135,2024-12-09,UK,Referral,Standard
C1136,2024-05-19,Australia,Email,Basic
C1137,2024-07-05,India,Organic,Premium
C1138,2024-03-01,Thailand,Social Media,Basic
C1139,2025-01-14,Thailand,Email,Basic
C1140,2025-03-15,USA,Social Media,Premium
C1141,2024-11-14,Thailand,Organic,Basic
C1142,2024-10-28,Thailand,Organic,Standard
C1143,2024-12-09,Thailand,Referral,Standard
C1144,2024-01-11,,Social Media,Premium
C1145,2024-03-02,Canada,Social Media,Premium
C1146,2024-08-13,USA,Email,Premium
C1147,2024-06-01,Germany,Social Media,Basic
C1148,2024-11-05,USA,Google Ads,Premium
C1149,2024-08-30,USA,Google Ads,Standard
C1150,2025-05-07,Thailand,Social Media,Standard
C1151,2024-12-31,India,Google Ads,Basic
C1152,2024-11-25,Canada,Email,Standard
C1153,2024-04-16,India,Email,Premium
C1154,2024-08-13,USA,Social Media,Premium
C1155,2024-08-05,India,Organic,Standard
C1156,2025-05-20,Thailand,Social Media,Basic
C1157,2024-09-15,Germany,Organic,Basic
C1158,2025-05-31,UK,Google Ads,Premium
C1159,2024-02-23,USA,Social Media,Standard
C1160,2024-02-16,UK,Organic,Standard
C1161,2025-06-04,India,Organic,Basic
C1162,2024-04-08,Thailand,Organic,Standard
C1163,2024-01-20,India,Google Ads,Standard
C1164,2025-05-04,Thailand,Social Media,Premium
C1165,2025-02-22,India,Organic,Standard
C1166,2024-03-02,Australia,Social Media,Basic
C1167,2024-05-24,Australia,Email,Standard
C1168,2024-08-03,UK,Google Ads,Basic
C1169,2024-01-03,UK,Referral,Premium
C1170,2024-06-08,Thailand,Email,Basic
C1171,2024-04-29,Australia,Google Ads,Standard
C1172,2024-03-29,Thailand,Organic,Basic
C1173,2024-11-24,UK,Organic,Standard
C1174,2024-12-22,Thailand,Email,Standard
C1175,2024-09-23,Thailand,Organic,Standard
C1176,2024-11-18,India,Google Ads,Basic
C1177,2025-06-24,Thailand,Email,Basic
C1178,2024-07-13,Australia,Google Ads,Basic
C1179,2024-11-27,USA,Organic,Standard
C1180,2024-06-18,Thailand,Email,Basic
C1181,2025-06-04,UK,Google Ads,Standard
C1182,2025-04-07,Thailand,Referral,Premium
C1183,2024-02-09,Thailand,Organic,Premium
C1184,2025-06-20,India,Referral,Standard
C1185,2024-09-17,Thailand,Google Ads,Standard
C1186,2025-01-29,Australia,Google Ads,Basic
C1187,2024-08-13,Thailand,Google Ads,Standard
C1188,2024-05-03,Thailand,Organic,Premium
C1189,2024-02-07,Australia,Organic,Basic
C1190,2024-11-23,USA,Google Ads,Standard
C1191,2024-09-07,Thailand,Email,Premium
C1192,2024-06-24,USA,Referral,Premium
C1193,2025-03-29,Thailand,Email,Basic
C1194,2024-02-06,Germany,Organic,Standard
C1195,2024-11-11,USA,Social Media,Basic
C1196,2024-04-23,Australia,Email,Basic
C1197,2024-02-09,Germany,Google Ads,Premium
C1198,2024-10-27,USA,Social Media,Premium
C1199,2024-08-11,Germany,Referral,Standard
C1200,2024-11-13,USA,Social Media,Basic
C1201,2024-12-14,Canada,Social Media,Premium
C1202,2024-04-24,Thailand,Social Media,Standard
C1203,2024-11-18,India,Referral,Basic
C1204,2024-02-09,UK,Email,Standard
C1205,2024-02-09,USA,email,Basic
C1206,2024-10-15,India,Email,Standard
C1207,2024-09-18,,Organic,Standard
C1208,2024-08-03,Thailand,Google Ads,Basic
C1209,2024-05-26,Thailand,Google Ads,Basic
C1210,2024-12-01,India,Google Ads,Basic
C1211,2024-06-16,India,Organic,Basic
C1212,2024-04-01,Canada,Social Media,Standard
C1213,2024-12-18,Australia,Email,Premium
C1214,2024-12-28,Canada,Google Ads,Basic
C1215,2024-12-10,India,Google Ads,Basic
C1216,2024-06-18,Thailand,Email,Standard
C1217,2024-12-21,Thailand,Organic,Premium
C1218,2024-07-09,Australia,Organic,Basic
C1219,2025-02-25,India,Social Media,Basic
C1220,2024-01-07,Thailand,Referral,Standard
C1221,2024-05-12,USA,Google Ads,Basic
C1222,2024-01-31,Canada,Organic,Basic
C1223,2025-06-18,UK,Email,Standard
C1224,2025-03-01,USA,Social Media,Standard
C1225,2025-01-28,USA,Social Media,Standard
C1226,2024-12-28,Thailand,Organic,Standard
C1227,2025-03-12,USA,Organic,Standard
C1228,2024-03-22,USA,Social Media,Basic
C1229,2024-12-21,Thailand,Email,Basic
C1230,2024-09-14,Australia,Email,Basic
C1231,2025-06-07,USA,Organic,Basic
C1232,2024-10-21,Australia,Google Ads,Standard
C1233,2024-08-11,Germany,Social Media,Premium
C1234,2025-06-08,Thailand,Referral,Premium
C1235,2024-02-15,India,Google Ads,Standard
C1236,2024-04-22,USA,Google Ads,Basic
C1237,2024-08-20,Germany,Organic,Basic
C1238,2024-01-17,Thailand,Google Ads,Premium
C1239,2024-12-25,India,Email,Standard
C1240,2024-08-10,India,Google Ads,Standard
C1241,2025-03-23,Thailand,Email,Standard
C1242,2024-12-30,Thailand,Organic,Standard
C1243,2024-11-21,India,Organic,Premium
C1244,2025-04-11,India,Email,Basic
C1245,2025-02-17,USA,Organic,Standard
C1246,2025-03-30,India,Organic,Premium
C1247,2024-08-20,USA,Referral,Basic
C1248,2024-08-11,India,Email,Standard
C1249,2025-02-15,Thailand,Google Ads,Basic
C1250,2024-11-30,Germany,email,Premium
C1251,2024-08-09,Thailand,Referral,Basic
C1252,2024-02-06,USA,Google Ads,Standard
C1253,2024-10-04,Thailand,Social Media,Basic
C1254,2024-07-14,Thailand,Email,Standard
C1255,2025-04-28,UK,Email,Basic
C1256,2024-08-29,Thailand,Email,Basic
C1257,2024-11-19,Australia,Social Media,Standard
C1258,2024-07-10,Thailand,Social Media,Premium
C1259,2024-01-17,USA,Email,Basic
C1260,2025-06-07,USA,Organic,Basic
C1261,2025-02-04,Thailand,Google Ads,Standard
C1262,2024-01-22,Thailand,Organic,Standard
C1263,2025-04-18,USA,Google Ads,Premium
C1264,2024-04-29,UK,Social Media,Basic
C1265,2024-07-28,USA,Social Media,Standard
C1266,2024-11-01,UK,Social Media,Basic
C1267,2024-09-26,UK,Referral,Basic
C1268,2024-10-11,Thailand,Google Ads,Standard
C1269,2024-08-14,USA,Social Media,Standard
C1270,2025-01-15,Canada,Google Ads,Standard
C1271,2025-04-04,UK,Organic,Basic
C1272,2024-01-07,India,Organic,Standard
C1273,2024-01-29,USA,Email,Basic
C1274,2024-02-02,Australia,Email,Premium
C1275,2024-03-19,Australia,Google Ads,Basic
C1276,2025-04-03,UK,Social Media,Basic
C1277,2025-06-21,Canada,Organic,Basic
C1278,2025-04-26,Thailand,Organic,Standard
C1279,2025-03-05,Thailand,Referral,Basic
C1280,2024-10-11,Australia,Organic,Premium
C1281,2025-05-30,Australia,Google Ads,Basic
C1282,2024-04-08,Thailand,Google Ads,Premium
C1283,2025-01-31,Thailand,Google Ads,Basic
C1284,2025-05-03,Thailand,Organic,Standard
C1285,2024-02-08,Thailand,Organic,Premium
C1286,2024-09-27,Australia,Organic,Basic
C1287,2024-06-05,UK,Google Ads,Premium
C1288,2024-03-15,USA,Google Ads,Standard
C1289,2024-05-09,USA,Organic,Premium
C1290,2024-03-24,Thailand,Google Ads,Standard
C1291,2024-01-22,Thailand,Social Media,Basic
C1292,2025-04-03,India,Organic,Basic
C1293,2025-06-22,Canada,Google Ads,Basic
C1294,2025-01-16,Germany,Social Media,Basic
C1295,2025-03-15,Thailand,Email,Basic
C1296,2024-01-21,Germany,Email,Basic
C1297,2024-10-29,Australia,Google Ads,Standard
C1298,2024-03-24,Australia,Referral,Standard
C1299,2025-03-28,USA,Social Media,Basic
C1300,2025-01-21,USA,Google Ads,Basic
C1301,2025-05-21,USA,Social Media,Standard
C1302,2024-09-13,Thailand,Email,Basic
C1303,2025-06-10,Thailand,Google Ads,Basic
C1304,2024-06-10,Thailand,Google Ads,Basic
C1305,2024-06-11,UK,Organic,Premium
C1306,2025-06-07,Australia,email,Premium
C1307,2024-09-27,USA,Google Ads,Basic
C1308,2025-05-06,Thailand,Email,Standard
C1309,2024-07-26,Canada,Referral,Standard
C1310,2025-06-22,Canada,Organic,Standard
C1311,2024-02-29,Australia,Email,Standard
C1312,2025-03-05,Canada,Organic,Standard
C1313,2024-11-04,UK,Social Media,Basic
C1314,2025-06-03,Canada,Social Media,Basic
C1315,2024-01-27,Thailand,Email,Standard
C1316,2024-07-17,USA,Social Media,Premium
C1317,2025-01-21,Thailand,Email,Standard
C1318,2024-12-14,Thailand,Social Media,Premium
C1319,2025-06-19,Thailand,Google Ads,Premium
C1320,2025-01-12,India,Email,Basic
C1321,2025-06-10,Australia,Referral,Standard
C1322,2024-06-01,UK,Email,Standard
C1323,2024-07-24,Thailand,Organic,Premium
C1324,2025-03-30,Australia,Google Ads,Premium
C1325,2024-09-29,India,Referral,Standard
C1326,2024-08-23,USA,Email,Basic
C1327,2025-06-04,India,Organic,Standard
C1328,2025-05-15,Thailand,Email,Basic
C1329,2024-04-26,USA,Google Ads,Standard
C1330,2025-01-20,Germany,Organic,Premium
C1331,2024-12-09,Thailand,Google Ads,Basic
C1332,2025-01-29,USA,Referral,Standard
C1333,2024-03-04,Germany,Google Ads,Standard
C1334,2024-03-12,India,Email,Standard
C1335,2024-09-30,Thailand,Email,Basic
C1336,2024-11-15,Thailand,Organic,Standard
C1337,2024-12-03,Thailand,Referral,Premium
C1338,2024-12-31,India,Email,Premium
C1339,2025-05-09,USA,Email,Basic
C1340,2024-06-14,Thailand,Google Ads,Premium
C1341,2025-06-27,Canada,Email,Standard
C1342,2024-01-11,UK,Google Ads,Basic
C1343,2024-10-27,Thailand,Organic,Basic
C1344,2024-04-11,UK,Social Media,Basic
C1345,2025-02-28,India,Referral,Premium
C1346,2025-01-26,Thailand,Google Ads,Standard
C1347,2024-08-01,Thailand,Referral,Standard
C1348,2024-03-28,Australia,Organic,Basic
C1349,2025-02-04,USA,Google Ads,Standard
C1350,2024-02-15,UK,Google Ads,Basic
C1351,2025-04-07,USA,Google Ads,Basic
C1352,2024-11-05,Thailand,Email,Standard
C1353,2024-03-26,Thailand,Email,Basic
C1354,2024-04-01,USA,Organic,Premium
C1355,2024-08-29,Thailand,Email,Basic
C1356,2024-01-02,Thailand,Organic,Standard
C1357,2024-08-12,Germany,Social Media,Basic
C1358,2024-04-25,Canada,Organic,Standard
C1359,2024-04-12,Australia,Organic,Basic
C1360,2024-07-12,Germany,Google Ads,Basic
C1361,2024-06-14,Thailand,Google Ads,Premium
C1362,2024-03-30,Canada,email,Basic
C1363,2024-05-01,Thailand,Google Ads,Premium
C1364,2024-05-22,Canada,Email,Premium
C1365,2024-04-15,Canada,Social Media,Basic
C1366,2025-03-03,India,Google Ads,Basic
C1367,2024-10-31,Canada,Organic,Standard
C1368,2024-11-12,UK,Google Ads,Premium
C1369,2024-01-09,Thailand,Referral,Premium
C1370,2024-03-13,USA,Email,Standard
C1371,2024-12-24,UK,Email,Standard
C1372,2024-08-10,Thailand,Organic,Basic
C1373,2025-02-19,India,Organic,Premium
C1374,2025-01-04,Canada,Email,Premium
C1375,2024-09-20,Thailand,Google Ads,Basic
C1376,2024-11-13,Australia,Organic,Basic
C1377,2024-03-24,Germany,Referral,Basic
C1378,2024-11-13,Canada,Social Media,Basic
C1379,2024-04-20,Canada,Google Ads,Premium
C1380,2024-09-07,UK,Social Media,Basic
C1381,2025-01-17,Canada,Organic,Basic
C1382,2024-01-07,Australia,Google Ads,Basic
C1383,2025-04-03,Thailand,Google Ads,Premium
C1384,2024-03-24,USA,Social Media,Standard
C1385,2024-07-26,India,Social Media,Basic
C1386,2025-01-24,Thailand,Email,Basic
C1387,2024-11-09,India,Referral,Premium
C1388,2024-01-22,India,Organic,Premium
C1389,2025-02-13,Thailand,Referral,Basic
C1390,2025-05-29,UK,Referral,Basic
C1391,2024-05-06,Australia,Organic,Basic
C1392,2024-01-14,UK,Social Media,Basic
C1393,2024-01-12,Thailand,email,Standard
C1394,2024-03-27,Thailand,Email,Premium
C1395,2025-06-07,USA,Google Ads,Standard
C1396,2025-06-20,Canada,Google Ads,Premium
C1397,2024-10-27,Thailand,Referral,Standard
C1398,2024-08-30,India,Social Media,Standard
C1399,2024-05-01,Thailand,Google Ads,Standard
C1400,2024-05-26,USA,Social Media,Basic
C1401,2024-12-21,Germany,Referral,Basic
C1402,2024-11-04,India,Organic,Standard
C1403,2024-10-14,Thailand,Referral,Basic
C1404,2024-11-02,USA,Organic,Basic
C1405,2024-12-17,Thailand,Social Media,Standard
C1406,2024-11-07,UK,Email,Premium
C1407,2024-02-28,India,Organic,Standard
C1408,2024-02-04,Thailand,Email,Premium
C1409,2025-03-20,Thailand,Google Ads,Standard
C1410,2024-04-02,USA,Email,Standard
C1411,2024-07-25,Germany,Organic,Standard
C1412,2024-12-18,Canada,Google Ads,Premium
C1413,2024-11-27,Thailand,Referral,Basic
C1414,2024-06-07,Australia,Email,Standard
C1415,2024-01-24,USA,Organic,Standard
C1416,2025-02-07,USA,Email,Basic
C1417,2025-05-30,Australia,Organic,Basic
C1418,2024-12-29,Germany,Social Media,Basic
C1419,2025-01-16,Canada,Social Media,Basic
C1420,2025-06-15,UK,Google Ads,Premium
C1421,2024-05-31,USA,Email,Basic
C1422,2025-02-23,,Social Media,Basic
C1423,2024-09-06,Thailand,Google Ads,Standard
C1424,2024-04-26,UK,Social Media,Basic
C1425,2025-05-26,USA,Google Ads,Standard
C1426,2024-11-30,India,Social Media,Basic
C1427,2025-02-21,Thailand,Google Ads,Premium
C1428,2024-10-21,Thailand,Email,Premium
C1429,2025-01-05,Germany,Referral,Premium
C1430,2024-07-04,Thailand,Google Ads,Basic
C1431,2024-09-02,UK,Google Ads,Standard
C1432,2024-09-24,Thailand,Organic,Basic
C1433,2024-08-24,Thailand,Google Ads,Basic
C1434,2025-06-13,Thailand,Google Ads,Basic
C1435,2024-01-21,Thailand,Organic,Standard
C1436,2025-06-03,Germany,Organic,Standard
C1437,2024-04-09,Thailand,Google Ads,Standard
C1438,2025-04-22,Canada,Social Media,Basic
C1439,2024-10-24,UK,Google Ads,Standard
C1440,2025-06-09,USA,Organic,Standard
C1441,2024-11-29,UK,Google Ads,Standard
C1442,2024-01-02,UK,Organic,Standard
C1443,2025-01-09,Australia,Email,Basic
C1444,2024-10-19,Thailand,Organic,Premium
C1445,2024-11-13,USA,Organic,Standard
C1446,2025-05-16,Germany,Organic,Basic
C1447,2025-01-15,Canada,Email,Basic
C1448,2024-01-14,Germany,Organic,Standard
C1449,2025-05-18,USA,Email,Premium
C1450,2024-08-18,Australia,Google Ads,Basic
C1451,2024-03-24,USA,Google Ads,Basic
C1452,2024-05-09,UK,Email,Premium
C1453,2024-05-24,Thailand,Social Media,Standard
C1454,2024-01-28,UK,Organic,Standard
C1455,2024-03-06,Thailand,Google Ads,Standard
C1456,2024-06-11,USA,Organic,Basic
C1457,2024-08-16,Germany,Organic,Standard
C1458,2024-09-17,Thailand,Google Ads,Basic
C1459,2025-03-24,Thailand,Google Ads,Premium
C1460,2025-02-27,Thailand,Referral,Standard
C1461,2025-04-04,Canada,Google Ads,Standard
C1462,2024-10-27,UK,Referral,Standard
C1463,2024-10-29,USA,Organic,Premium
C1464,2024-10-13,Australia,Organic,Premium
C1465,2025-01-29,Australia,Organic,Standard
C1466,2024-01-10,USA,Organic,Standard
C1467,2024-09-26,India,Google Ads,Standard
C1468,2024-12-26,Australia,Google Ads,Standard
C1469,2024-09-13,India,Organic,Basic
C1470,2024-05-12,Thailand,Referral,Standard
C1471,2024-10-02,Germany,Social Media,Basic
C1472,2025-05-27,UK,Email,Premium
C1473,2024-11-08,Thailand,Organic,Basic
C1474,2024-10-10,USA,Organic,Premium
C1475,2024-04-30,Thailand,Organic,Standard
C1476,2024-04-16,Thailand,Organic,Standard
C1477,2024-07-22,Australia,Google Ads,Standard
C1478,2024-06-13,Thailand,Organic,Basic
C1479,2024-10-31,USA,Email,Basic
C1480,2025-05-11,UK,Referral,Basic
C1481,2024-06-04,Thailand,Social Media,Standard
C1482,2025-01-01,Canada,Referral,Standard
C1483,2024-09-07,Thailand,Organic,Standard
C1484,2024-11-29,USA,Email,Basic
C1485,2025-05-25,USA,Google Ads,Basic
C1486,2024-10-19,Thailand,Organic,Basic
C1487,2024-01-20,Thailand,Organic,Premium
C1488,2024-10-08,India,Social Media,Standard
C1489,2024-01-01,Canada,Google Ads,Basic
C1490,2024-04-28,Thailand,Email,Standard
C1491,2024-02-04,India,Google Ads,Basic
C1492,2024-07-16,Australia,Email,Premium
C1493,2025-04-29,Germany,Organic,Standard
C1494,2024-02-28,USA,Email,Basic
C1495,2024-06-09,USA,Organic,Standard
C1496,2024-07-24,USA,Organic,Basic
C1497,2024-01-12,India,Referral,Premium
C1498,2025-05-04,Australia,Google Ads,Basic
C1499,2024-10-02,Thailand,Social Media,Standard
C1500,2024-08-29,USA,Email,Basic
C0011,2025-04-03,Thailand,Organic,Basic
C0026,2024-01-22,UK,Social Media,Standard
